name,rating
774.jpg,2
471.jpg,3
1240.jpg,4
1680.jpg,2
639.jpg,2
603.jpg,3
1467.jpg,3
1748.jpg,4
347.jpg,2
376.jpg,4
795.jpg,4
94.jpg,3
186.jpg,4
1919.jpg,2
953.jpg,4
1944.jpg,3
981.jpg,3
1068.jpg,5
76.jpg,3
253.jpg,2
993.jpg,2
1215.jpg,4
62.jpg,2
1592.jpg,2
344.jpg,2
1988.jpg,2
999.jpg,2
36.jpg,2
623.jpg,3
61.jpg,5
543.jpg,2
14.jpg,1
893.jpg,4
1686.jpg,2
1750.jpg,2
497.jpg,3
586.jpg,4
696.jpg,2
742.jpg,4
806.jpg,3
1938.jpg,5
534.jpg,2
1844.jpg,2
1485.jpg,2
1465.jpg,2
1818.jpg,3
1973.jpg,4
1205.jpg,3
1428.jpg,1
516.jpg,2
369.jpg,2
101.jpg,4
980.jpg,4
384.jpg,4
300.jpg,3
680.jpg,2
208.jpg,4
563.jpg,3
1082.jpg,2
1952.jpg,4
748.jpg,2
1070.jpg,5
901.jpg,2
456.jpg,4
552.jpg,4
1390.jpg,3
952.jpg,4
965.jpg,4
527.jpg,2
1341.jpg,4
1812.jpg,4
1052.jpg,3
1225.jpg,3
1551.jpg,3
1882.jpg,2
1330.jpg,3
674.jpg,3
89.jpg,3
956.jpg,3
704.jpg,4
1964.jpg,2
669.jpg,4
1957.jpg,3
1677.jpg,2
1456.jpg,4
1831.jpg,3
1008.jpg,3
1581.jpg,3
158.jpg,5
1345.jpg,3
1833.jpg,3
1614.jpg,3
1392.jpg,4
302.jpg,2
1451.jpg,3
45.jpg,4
1616.jpg,4
1412.jpg,2
1929.jpg,4
1358.jpg,2
131.jpg,4
778.jpg,2
548.jpg,2
398.jpg,2
1310.jpg,3
852.jpg,3
1458.jpg,4
1219.jpg,3
171.jpg,3
1418.jpg,2
1895.jpg,4
1049.jpg,4
458.jpg,2
442.jpg,2
759.jpg,4
1067.jpg,4
1221.jpg,3
1540.jpg,4
828.jpg,4
291.jpg,3
359.jpg,4
1749.jpg,3
336.jpg,3
1498.jpg,4
782.jpg,2
661.jpg,2
950.jpg,4
1662.jpg,2
524.jpg,2
689.jpg,4
1494.jpg,3
34.jpg,2
540.jpg,2
1648.jpg,2
1207.jpg,2
1692.jpg,3
311.jpg,3
813.jpg,2
478.jpg,4
59.jpg,4
1255.jpg,4
835.jpg,4
1854.jpg,2
126.jpg,2
529.jpg,3
1266.jpg,4
808.jpg,4
622.jpg,2
538.jpg,2
987.jpg,3
1858.jpg,2
1218.jpg,3
1729.jpg,2
492.jpg,4
517.jpg,2
587.jpg,4
1281.jpg,4
1099.jpg,2
881.jpg,4
1610.jpg,5
1478.jpg,4
1471.jpg,4
648.jpg,3
744.jpg,2
1312.jpg,3
1303.jpg,4
715.jpg,2
1160.jpg,2
1550.jpg,5
108.jpg,4
1431.jpg,4
386.jpg,4
1183.jpg,4
848.jpg,2
624.jpg,4
103.jpg,2
1232.jpg,3
1914.jpg,2
1248.jpg,3
769.jpg,2
1038.jpg,2
746.jpg,2
1378.jpg,2
1111.jpg,2
708.jpg,2
1460.jpg,2
1580.jpg,4
1974.jpg,4
642.jpg,2
1532.jpg,3
1830.jpg,5
1955.jpg,2
130.jpg,2
677.jpg,3
1369.jpg,4
1347.jpg,2
1586.jpg,2
277.jpg,4
716.jpg,5
908.jpg,4
422.jpg,2
925.jpg,5
1658.jpg,2
1368.jpg,3
558.jpg,2
1714.jpg,3
1659.jpg,2
214.jpg,4
1652.jpg,3
976.jpg,3
1162.jpg,2
1323.jpg,3
660.jpg,2
707.jpg,2
1028.jpg,4
1480.jpg,3
117.jpg,4
57.jpg,2
544.jpg,4
10.jpg,4
1817.jpg,2
1267.jpg,4
415.jpg,3
1201.jpg,3
911.jpg,1
1001.jpg,2
822.jpg,3
201.jpg,4
1704.jpg,4
616.jpg,2
340.jpg,2
313.jpg,4
243.jpg,3
1963.jpg,3
401.jpg,4
830.jpg,3
854.jpg,2
1986.jpg,2
565.jpg,2
1698.jpg,2
1229.jpg,2
1745.jpg,2
1810.jpg,4
1177.jpg,4
1365.jpg,2
770.jpg,2
666.jpg,2
1697.jpg,2
771.jpg,4
1629.jpg,3
1430.jpg,4
506.jpg,5
1793.jpg,2
760.jpg,4
654.jpg,3
1425.jpg,4
173.jpg,2
355.jpg,3
734.jpg,4
1598.jpg,4
869.jpg,2
1535.jpg,5
920.jpg,2
818.jpg,2
283.jpg,3
955.jpg,4
888.jpg,4
1356.jpg,4
1728.jpg,4
319.jpg,3
122.jpg,4
1577.jpg,4
1922.jpg,2
430.jpg,4
1674.jpg,2
1239.jpg,3
1530.jpg,4
1148.jpg,3
68.jpg,4
1876.jpg,2
1417.jpg,2
690.jpg,2
1544.jpg,2
479.jpg,3
332.jpg,3
1768.jpg,3
453.jpg,3
1733.jpg,4
1122.jpg,2
1553.jpg,4
1272.jpg,4
1877.jpg,4
796.jpg,3
1947.jpg,5
668.jpg,2
819.jpg,3
1357.jpg,3
1931.jpg,2
1503.jpg,2
1506.jpg,4
380.jpg,2
1667.jpg,4
1881.jpg,2
1689.jpg,2
1307.jpg,2
74.jpg,2
553.jpg,3
1874.jpg,3
113.jpg,4
414.jpg,2
809.jpg,2
1636.jpg,2
903.jpg,4
1918.jpg,2
1631.jpg,2
1666.jpg,5
100.jpg,4
961.jpg,3
1047.jpg,2
444.jpg,2
1968.jpg,2
196.jpg,2
1150.jpg,2
546.jpg,2
1663.jpg,3
1587.jpg,2
1441.jpg,2
1634.jpg,4
235.jpg,3
858.jpg,2
512.jpg,4
1280.jpg,4
1864.jpg,4
1127.jpg,2
525.jpg,4
299.jpg,2
192.jpg,3
1907.jpg,3
633.jpg,2
335.jpg,2
217.jpg,5
104.jpg,5
695.jpg,1
513.jpg,4
751.jpg,3
1843.jpg,3
872.jpg,4
29.jpg,5
699.jpg,4
168.jpg,4
1157.jpg,4
79.jpg,3
1836.jpg,4
1576.jpg,3
72.jpg,4
1835.jpg,3
341.jpg,2
600.jpg,3
515.jpg,3
1975.jpg,5
887.jpg,1
634.jpg,2
1813.jpg,3
1491.jpg,3
367.jpg,4
1575.jpg,2
1087.jpg,4
1646.jpg,3
792.jpg,3
592.jpg,4
148.jpg,4
206.jpg,3
1130.jpg,3
807.jpg,2
1181.jpg,3
815.jpg,4
84.jpg,3
667.jpg,2
407.jpg,4
31.jpg,2
1606.jpg,2
573.jpg,2
114.jpg,4
256.jpg,4
550.jpg,1
973.jpg,3
832.jpg,3
1415.jpg,4
503.jpg,2
1969.jpg,4
1971.jpg,3
729.jpg,2
1014.jpg,3
1765.jpg,2
1673.jpg,4
570.jpg,3
239.jpg,3
1741.jpg,2
1998.jpg,4
569.jpg,2
267.jpg,2
728.jpg,1
1035.jpg,4
2.jpg,1
1702.jpg,4
207.jpg,3
1398.jpg,2
1600.jpg,4
459.jpg,2
1320.jpg,3
1899.jpg,2
1828.jpg,2
1285.jpg,4
599.jpg,3
535.jpg,2
1154.jpg,2
867.jpg,4
244.jpg,4
1279.jpg,3
663.jpg,3
1623.jpg,3
1892.jpg,5
705.jpg,3
241.jpg,2
1084.jpg,4
837.jpg,4
349.jpg,3
1158.jpg,3
591.jpg,4
177.jpg,4
1764.jpg,3
260.jpg,3
731.jpg,3
83.jpg,3
1120.jpg,4
1355.jpg,4
433.jpg,3
1453.jpg,3
1421.jpg,3
451.jpg,2
1566.jpg,4
1800.jpg,1
473.jpg,2
1472.jpg,3
188.jpg,4
1060.jpg,4
152.jpg,2
119.jpg,4
1710.jpg,3
844.jpg,2
1138.jpg,5
477.jpg,3
1583.jpg,5
121.jpg,3
21.jpg,3
670.jpg,5
757.jpg,2
1227.jpg,4
780.jpg,2
1195.jpg,3
1115.jpg,4
1422.jpg,2
132.jpg,2
1254.jpg,3
1954.jpg,5
1625.jpg,3
1647.jpg,5
1265.jpg,2
701.jpg,2
345.jpg,4
932.jpg,4
1637.jpg,1
321.jpg,1
991.jpg,3
269.jpg,3
619.jpg,4
358.jpg,2
899.jpg,2
1591.jpg,4
1863.jpg,2
1763.jpg,5
678.jpg,4
537.jpg,4
266.jpg,2
308.jpg,4
1258.jpg,3
1687.jpg,3
1380.jpg,2
1497.jpg,4
1179.jpg,3
1180.jpg,2
1468.jpg,4
1604.jpg,3
1526.jpg,4
481.jpg,4
485.jpg,2
1547.jpg,2
812.jpg,2
1883.jpg,3
1077.jpg,3
1549.jpg,4
754.jpg,4
1649.jpg,1
1920.jpg,4
1051.jpg,3
1168.jpg,5
246.jpg,2
393.jpg,4
233.jpg,3
1213.jpg,4
691.jpg,4
1717.jpg,4
1797.jpg,4
187.jpg,2
115.jpg,2
452.jpg,3
753.jpg,2
665.jpg,2
1118.jpg,3
1633.jpg,3
1911.jpg,3
878.jpg,1
1116.jpg,4
318.jpg,2
1288.jpg,3
800.jpg,2
1102.jpg,4
785.jpg,3
1933.jpg,2
1188.jpg,3
255.jpg,3
1822.jpg,2
1488.jpg,3
1233.jpg,3
1156.jpg,2
895.jpg,4
1139.jpg,4
226.jpg,2
1668.jpg,3
685.jpg,5
1408.jpg,2
662.jpg,4
637.jpg,3
898.jpg,4
859.jpg,2
520.jpg,3
432.jpg,4
276.jpg,2
1961.jpg,5
1642.jpg,3
1552.jpg,4
1362.jpg,3
48.jpg,4
900.jpg,2
1445.jpg,4
897.jpg,4
1449.jpg,4
1878.jpg,4
1782.jpg,5
1554.jpg,2
1834.jpg,5
1140.jpg,3
631.jpg,3
80.jpg,2
764.jpg,4
1434.jpg,4
1628.jpg,4
429.jpg,4
391.jpg,4
1089.jpg,4
410.jpg,4
1231.jpg,3
839.jpg,4
156.jpg,2
1563.jpg,2
1846.jpg,3
38.jpg,3
17.jpg,2
1053.jpg,4
181.jpg,2
1787.jpg,2
1304.jpg,4
738.jpg,4
933.jpg,2
1400.jpg,2
606.jpg,4
958.jpg,4
392.jpg,3
1757.jpg,2
545.jpg,2
1825.jpg,3
1515.jpg,4
946.jpg,3
85.jpg,2
1129.jpg,2
1709.jpg,2
1562.jpg,3
1015.jpg,3
1163.jpg,2
647.jpg,2
997.jpg,3
727.jpg,2
1132.jpg,4
1767.jpg,2
1901.jpg,2
1866.jpg,4
22.jpg,2
1809.jpg,2
863.jpg,3
136.jpg,3
301.jpg,4
470.jpg,2
1621.jpg,4
1030.jpg,2
1373.jpg,3
1059.jpg,5
1567.jpg,3
1688.jpg,3
1349.jpg,3
496.jpg,3
510.jpg,2
1775.jpg,2
1528.jpg,3
564.jpg,3
894.jpg,4
1558.jpg,3
1736.jpg,4
739.jpg,2
166.jpg,3
1416.jpg,4
1785.jpg,2
1384.jpg,4
1708.jpg,2
803.jpg,3
1847.jpg,2
547.jpg,2
1335.jpg,2
1814.jpg,4
531.jpg,2
1536.jpg,2
60.jpg,5
1119.jpg,4
1379.jpg,4
1193.jpg,4
1190.jpg,4
1502.jpg,3
917.jpg,2
1107.jpg,3
676.jpg,3
1477.jpg,4
1987.jpg,2
1297.jpg,4
151.jpg,1
658.jpg,2
1893.jpg,2
247.jpg,3
97.jpg,3
1651.jpg,4
1511.jpg,4
1269.jpg,2
957.jpg,3
1220.jpg,2
26.jpg,2
37.jpg,2
737.jpg,5
507.jpg,2
64.jpg,2
598.jpg,4
1287.jpg,2
1025.jpg,3
1045.jpg,3
200.jpg,3
271.jpg,3
743.jpg,2
766.jpg,4
1161.jpg,2
1211.jpg,3
65.jpg,4
505.jpg,3
1959.jpg,3
388.jpg,3
585.jpg,3
307.jpg,4
1054.jpg,3
578.jpg,4
1277.jpg,3
150.jpg,3
989.jpg,3
1202.jpg,3
1200.jpg,3
144.jpg,4
1334.jpg,5
1353.jpg,2
254.jpg,2
1194.jpg,4
298.jpg,4
627.jpg,2
502.jpg,2
862.jpg,3
1794.jpg,3
1125.jpg,4
1716.jpg,2
1545.jpg,2
1210.jpg,3
805.jpg,4
1693.jpg,4
596.jpg,3
1318.jpg,5
1276.jpg,3
1329.jpg,2
282.jpg,3
1071.jpg,4
1805.jpg,3
93.jpg,3
1504.jpg,5
735.jpg,3
1989.jpg,3
69.jpg,2
1937.jpg,2
259.jpg,2
1661.jpg,2
1245.jpg,3
1595.jpg,3
877.jpg,2
1815.jpg,4
286.jpg,2
1887.jpg,5
1016.jpg,3
1780.jpg,4
697.jpg,5
1475.jpg,4
1840.jpg,3
270.jpg,3
842.jpg,2
425.jpg,3
304.jpg,2
371.jpg,4
1301.jpg,4
940.jpg,2
1176.jpg,3
454.jpg,2
366.jpg,3
1519.jpg,3
1723.jpg,1
501.jpg,2
549.jpg,2
185.jpg,3
1046.jpg,4
1862.jpg,3
73.jpg,3
1055.jpg,4
284.jpg,2
480.jpg,3
868.jpg,3
825.jpg,5
164.jpg,3
1259.jpg,4
362.jpg,2
81.jpg,4
1017.jpg,3
1199.jpg,4
1113.jpg,3
1237.jpg,4
191.jpg,3
1806.jpg,1
1426.jpg,3
1994.jpg,4
1204.jpg,3
1327.jpg,2
1463.jpg,4
1331.jpg,4
1159.jpg,2
1571.jpg,3
836.jpg,2
508.jpg,2
1850.jpg,4
971.jpg,5
468.jpg,2
2000.jpg,3
943.jpg,2
1838.jpg,2
330.jpg,2
364.jpg,2
338.jpg,2
1037.jpg,3
1495.jpg,4
1250.jpg,2
490.jpg,4
1500.jpg,3
1474.jpg,3
1080.jpg,4
1117.jpg,3
575.jpg,3
1949.jpg,3
323.jpg,2
1599.jpg,2
1133.jpg,3
482.jpg,4
174.jpg,3
1654.jpg,5
1917.jpg,3
1824.jpg,2
484.jpg,3
1611.jpg,2
1743.jpg,2
996.jpg,5
1376.jpg,4
1837.jpg,2
1593.jpg,2
1360.jpg,2
1522.jpg,2
312.jpg,2
141.jpg,3
203.jpg,4
1507.jpg,2
930.jpg,4
924.jpg,4
1889.jpg,2
1885.jpg,4
1556.jpg,2
1783.jpg,2
190.jpg,4
1247.jpg,3
1013.jpg,4
334.jpg,2
1314.jpg,3
1759.jpg,4
1872.jpg,2
875.jpg,4
1718.jpg,2
416.jpg,2
1655.jpg,3
292.jpg,4
1856.jpg,2
870.jpg,2
1066.jpg,4
406.jpg,1
559.jpg,2
1136.jpg,3
834.jpg,5
1612.jpg,3
7.jpg,3
137.jpg,3
248.jpg,4
112.jpg,4
39.jpg,2
1222.jpg,3
638.jpg,3
519.jpg,2
829.jpg,2
768.jpg,3
959.jpg,3
133.jpg,5
1062.jpg,3
1972.jpg,3
799.jpg,4
327.jpg,3
1644.jpg,4
838.jpg,2
1758.jpg,5
1784.jpg,2
1761.jpg,5
1735.jpg,3
46.jpg,3
1455.jpg,2
1773.jpg,3
70.jpg,2
142.jpg,2
612.jpg,4
209.jpg,4
409.jpg,2
972.jpg,4
1665.jpg,2
1493.jpg,3
982.jpg,2
105.jpg,5
1700.jpg,4
487.jpg,2
1173.jpg,3
1393.jpg,2
1.jpg,3
1489.jpg,3
95.jpg,2
1410.jpg,4
275.jpg,3
263.jpg,2
1186.jpg,4
567.jpg,4
1707.jpg,5
159.jpg,3
1348.jpg,2
1903.jpg,1
1951.jpg,4
700.jpg,2
1898.jpg,2
1509.jpg,3
1256.jpg,4
221.jpg,4
98.jpg,4
1715.jpg,3
1722.jpg,3
328.jpg,3
781.jpg,2
1603.jpg,4
1880.jpg,3
1542.jpg,3
351.jpg,3
1141.jpg,4
628.jpg,2
1313.jpg,4
1867.jpg,3
921.jpg,5
179.jpg,4
1508.jpg,4
412.jpg,3
580.jpg,3
265.jpg,3
853.jpg,2
1300.jpg,2
1967.jpg,3
1976.jpg,5
43.jpg,2
1956.jpg,3
755.jpg,2
1270.jpg,4
377.jpg,4
1450.jpg,4
978.jpg,3
651.jpg,3
1043.jpg,4
1930.jpg,4
1238.jpg,3
91.jpg,4
33.jpg,2
1031.jpg,2
212.jpg,2
1108.jpg,2
1548.jpg,3
928.jpg,4
1939.jpg,4
1744.jpg,2
1597.jpg,3
252.jpg,2
945.jpg,3
495.jpg,2
1242.jpg,4
1737.jpg,2
297.jpg,2
681.jpg,5
1694.jpg,3
1546.jpg,2
1224.jpg,3
205.jpg,2
625.jpg,2
1414.jpg,4
645.jpg,2
53.jpg,2
448.jpg,2
1852.jpg,2
673.jpg,3
873.jpg,5
758.jpg,2
614.jpg,3
1537.jpg,4
1429.jpg,4
1377.jpg,2
28.jpg,2
348.jpg,3
1351.jpg,2
1848.jpg,2
1073.jpg,2
1721.jpg,5
343.jpg,4
1187.jpg,3
860.jpg,3
1324.jpg,3
1101.jpg,4
489.jpg,2
1607.jpg,3
488.jpg,3
1896.jpg,4
671.jpg,2
1075.jpg,4
595.jpg,1
1676.jpg,1
1490.jpg,3
245.jpg,2
817.jpg,4
1399.jpg,3
1100.jpg,3
1997.jpg,4
1264.jpg,3
1249.jpg,4
1979.jpg,2
1083.jpg,2
1309.jpg,3
1865.jpg,4
941.jpg,2
949.jpg,3
1063.jpg,2
1706.jpg,2
1853.jpg,4
1620.jpg,4
461.jpg,1
394.jpg,4
1174.jpg,4
1268.jpg,5
736.jpg,4
1868.jpg,3
1983.jpg,3
1845.jpg,3
938.jpg,2
584.jpg,4
629.jpg,2
944.jpg,5
170.jpg,3
419.jpg,2
222.jpg,3
498.jpg,3
613.jpg,4
1473.jpg,2
850.jpg,2
1383.jpg,4
905.jpg,4
763.jpg,3
1124.jpg,3
1664.jpg,4
1461.jpg,4
528.jpg,2
1726.jpg,2
574.jpg,2
1273.jpg,3
1406.jpg,2
841.jpg,4
315.jpg,2
3.jpg,4
730.jpg,2
1230.jpg,4
1943.jpg,4
1262.jpg,3
1696.jpg,5
1203.jpg,4
1927.jpg,4
1499.jpg,4
1446.jpg,2
427.jpg,3
1671.jpg,3
404.jpg,2
11.jpg,1
1584.jpg,3
1364.jpg,3
1995.jpg,4
400.jpg,3
1112.jpg,3
618.jpg,3
1514.jpg,4
1851.jpg,5
509.jpg,4
157.jpg,4
1772.jpg,4
1296.jpg,4
1627.jpg,2
1839.jpg,3
1134.jpg,3
948.jpg,4
1643.jpg,4
1316.jpg,2
1484.jpg,2
234.jpg,3
1870.jpg,4
1884.jpg,3
1946.jpg,5
936.jpg,5
195.jpg,3
51.jpg,3
1361.jpg,2
1948.jpg,5
1367.jpg,4
1375.jpg,2
1072.jpg,5
1695.jpg,3
462.jpg,2
1413.jpg,2
886.jpg,2
310.jpg,3
469.jpg,3
530.jpg,3
220.jpg,5
998.jpg,3
1900.jpg,2
379.jpg,2
1209.jpg,4
387.jpg,3
1442.jpg,2
1908.jpg,3
542.jpg,1
1928.jpg,4
983.jpg,2
717.jpg,3
904.jpg,1
1039.jpg,3
994.jpg,4
1746.jpg,3
395.jpg,1
127.jpg,4
1469.jpg,2
1936.jpg,2
258.jpg,5
1169.jpg,3
1206.jpg,2
656.jpg,2
1340.jpg,3
1097.jpg,3
1407.jpg,2
942.jpg,3
1069.jpg,3
1601.jpg,2
1934.jpg,4
962.jpg,3
1534.jpg,4
601.jpg,4
1505.jpg,2
1888.jpg,1
1189.jpg,3
864.jpg,2
1214.jpg,2
317.jpg,3
1618.jpg,3
1615.jpg,4
436.jpg,3
1516.jpg,3
1859.jpg,4
1932.jpg,1
1776.jpg,3
1496.jpg,5
1435.jpg,2
55.jpg,4
561.jpg,4
1950.jpg,3
615.jpg,2
1786.jpg,5
793.jpg,3
1873.jpg,2
511.jpg,4
820.jpg,4
494.jpg,3
4.jpg,3
557.jpg,1
163.jpg,2
966.jpg,3
294.jpg,2
1727.jpg,2
1235.jpg,4
1436.jpg,2
1849.jpg,3
929.jpg,2
594.jpg,1
1005.jpg,4
211.jpg,2
1466.jpg,2
23.jpg,3
1000.jpg,3
1790.jpg,3
643.jpg,2
397.jpg,2
1981.jpg,3
1011.jpg,3
1568.jpg,2
1328.jpg,4
1916.jpg,1
831.jpg,1
418.jpg,2
883.jpg,3
572.jpg,3
896.jpg,4
566.jpg,4
1923.jpg,3
1243.jpg,3
714.jpg,2
1370.jpg,2
722.jpg,2
664.jpg,2
939.jpg,3
1705.jpg,2
194.jpg,4
361.jpg,3
1875.jpg,3
1404.jpg,4
750.jpg,2
1079.jpg,4
1439.jpg,4
1024.jpg,2
47.jpg,2
682.jpg,2
1613.jpg,2
1029.jpg,3
990.jpg,3
342.jpg,3
135.jpg,3
814.jpg,3
1170.jpg,2
891.jpg,3
602.jpg,2
630.jpg,4
1004.jpg,4
500.jpg,2
8.jpg,4
582.jpg,5
1966.jpg,5
184.jpg,2
353.jpg,3
1861.jpg,2
149.jpg,5
611.jpg,2
1725.jpg,2
1208.jpg,2
1165.jpg,5
1720.jpg,2
951.jpg,3
1752.jpg,4
914.jpg,5
446.jpg,3
1904.jpg,4
794.jpg,2
593.jpg,2
1905.jpg,3
1906.jpg,3
1078.jpg,4
1619.jpg,3
779.jpg,3
1712.jpg,4
449.jpg,3
324.jpg,3
635.jpg,2
1022.jpg,5
182.jpg,2
1869.jpg,2
1569.jpg,4
143.jpg,3
1802.jpg,4
123.jpg,2
1212.jpg,3
1464.jpg,4
1007.jpg,3
1395.jpg,4
331.jpg,2
1754.jpg,3
827.jpg,2
408.jpg,2
1260.jpg,4
450.jpg,3
1564.jpg,3
223.jpg,3
526.jpg,4
1529.jpg,2
1448.jpg,4
871.jpg,2
1476.jpg,4
1578.jpg,4
1541.jpg,4
175.jpg,4
204.jpg,3
16.jpg,1
1769.jpg,3
1756.jpg,2
912.jpg,1
27.jpg,2
657.jpg,2
1121.jpg,2
90.jpg,2
1940.jpg,2
399.jpg,2
1386.jpg,2
1056.jpg,4
1403.jpg,4
96.jpg,3
1374.jpg,2
947.jpg,4
1131.jpg,4
1454.jpg,2
725.jpg,4
916.jpg,2
889.jpg,2
1527.jpg,3
333.jpg,3
1829.jpg,2
296.jpg,4
385.jpg,2
979.jpg,2
1926.jpg,4
679.jpg,3
1388.jpg,4
229.jpg,4
1354.jpg,2
1142.jpg,4
1128.jpg,4
423.jpg,2
354.jpg,3
238.jpg,2
533.jpg,5
1064.jpg,2
1921.jpg,2
279.jpg,2
719.jpg,2
1653.jpg,5
536.jpg,3
1251.jpg,3
732.jpg,3
706.jpg,3
210.jpg,4
1283.jpg,4
1860.jpg,2
295.jpg,4
86.jpg,4
1660.jpg,3
1766.jpg,2
1801.jpg,3
992.jpg,4
985.jpg,3
773.jpg,2
1290.jpg,2
287.jpg,2
866.jpg,2
467.jpg,4
1771.jpg,3
1217.jpg,4
1020.jpg,2
1143.jpg,4
840.jpg,2
155.jpg,2
1990.jpg,4
1010.jpg,4
77.jpg,4
605.jpg,2
15.jpg,3
145.jpg,5
465.jpg,3
906.jpg,2
1018.jpg,3
1992.jpg,2
363.jpg,3
67.jpg,2
87.jpg,4
1090.jpg,4
1816.jpg,5
874.jpg,3
683.jpg,4
1962.jpg,4
1192.jpg,3
1827.jpg,4
583.jpg,4
237.jpg,2
499.jpg,4
777.jpg,3
1294.jpg,2
1076.jpg,4
147.jpg,4
183.jpg,3
910.jpg,2
693.jpg,3
986.jpg,4
1397.jpg,3
58.jpg,3
322.jpg,3
721.jpg,2
1602.jpg,4
289.jpg,2
24.jpg,4
368.jpg,3
1034.jpg,2
1608.jpg,4
110.jpg,2
621.jpg,3
1539.jpg,4
1630.jpg,4
919.jpg,3
78.jpg,3
857.jpg,3
118.jpg,2
154.jpg,5
974.jpg,3
1253.jpg,3
756.jpg,4
273.jpg,4
787.jpg,3
197.jpg,3
438.jpg,3
71.jpg,4
12.jpg,3
431.jpg,4
1003.jpg,4
1292.jpg,4
1894.jpg,1
890.jpg,3
1958.jpg,3
607.jpg,3
576.jpg,2
1684.jpg,3
1185.jpg,5
675.jpg,3